city;dinner_b;dinner_e;lat;lon
Paris,France;19:00;20:00;48.8588897;2.3200410217200766
London,UnitedKingdom;18:30;19:30;51.5073219;-0.1276474
Madrid,Spain;21:30;22:30;40.4167047;-3.7035825
Lisbonne,Portugal;20:00;21:00;38.7077507;-9.1365919
Berlin,Germany;18:00;19:00;52.5186925;13.3996024
Oslo,Norv√®ge;16:00;17:00;59.9133301;10.7389701
Rome,Italy;20:00;21:00;41.8933203;12.4829321
Berne,Switzerland;19:00;20:00;46.9482713;7.4514512
Kiev,Ukraine;19:00;20:00;50.4485578;30.52716228586082
Istanbul,Turkey;19:30;20:30;41.0091982;28.9662187
Stockholm,Sweden;17:00;18:00;59.3251172;18.0710935
Vienna,Austria;18:30;19:30;48.2083537;16.3725042
Warsaw,Poland;19:00;20:00;52.2319581;21.0067249
Athena,Greece;20:00;21:00;37.9839412;23.7283052
Bucarest,Romania;19:30;20:30;44.4361414;26.1027202
Copenhague,Danemark;17:30;18:30;55.6867243;12.5700724
Luxemburg,Luxemburg;18:30;19:30;49.8158683;6.1296751
